{
  "cv_mae_mean": 811.7456896551724,
  "cv_mae_std": 754.6141988576798,
  "cv_mse_mean": 1228373.6537913694,
  "cv_mse_std": 1617737.2292924444,
  "cv_rmse_mean": 811.7456896551724,
  "cv_rmse_std": 754.6141988576798,
  "cv_folds": 3,
  "mse": 2.4500991619410004,
  "rmse": 1.565279260049465,
  "mae": 1.565279260049465,
  "r2": null,
  "baseline_strategy": "mean",
  "baseline_mse": 4444.44444444444,
  "baseline_rmse": 66.66666666666663,
  "baseline_mae": 66.66666666666663,
  "baseline_r2": null,
  "improvement_mse": 4441.994345282499,
  "improvement_rmse": 65.10138740661716,
  "improvement_mae": 65.10138740661716,
  "improvement_r2": null,
  "improvement_mse_pct": 99.94487276885633,
  "improvement_mae_pct": 97.6520811099258,
  "mean_target": 1000.0,
  "mae_pct_of_mean_target": 0.1565279260049465,
  "baseline_mae_pct_of_mean_target": 6.6666666666666625
}